gene,entrez_gene_id
Ubc,100689267
Ncaph2,100756862
Huwe1,100757403
Isg20l2,100752909
Coq8b,100770066
Dctn2,100757525
Scap,100689048
Prmt5,100768836
Stx8|Rpl9,100758533
Fbl,100765730
Nup62|Il4i1,100769030
Sf3b1,100772265
Ddx55,100767780
Cdan1,100756905
Srcap,100751782
Pi4kb,100770133
Snupn,100761247
Pak2,100751503
Rnpc3,100773770
Tonsl,100761088
Fasn,100689207
Rrm2,100752542
Uba5,100762493
Nup205,100773309
Gmppb,100760573
Nxf1,100753177
Rpl23a,100761992
Ptbp1,100752134
Nipbl,100772261
Gapdh,100736557
Chd8,100750414
Eef2,100689051
Rabggta,100757505
Prmt1,100765197
Sdad1,100769914
Msto1,100753624
Aco2,100759203
Tial1,100757458
Mrpl24,100752311
Med12,100755999
Usp39,100773035
Ahctf1,100768805
LOC103161269,103161269
Tubb,100689091
Prorp,100757198
Mettl14,100774068
Tcp1,100689476
Pmf1,100756436
Grwd1,100774235
Yars1,100751260
Crcp,100756386
Nploc4,100754863
Tsfm,100761292
LOC100763079,100763079
Trmt5,100752861
Psmd11,100773369
Nrbp1,100768309
Slc4a7,100770901
Telo2,100774669
Unc45a,100765013
Snrnp70,100770370
Stx5,100756021
Ttf1,100764309
Rrp12,100757192
Prune1,100766866
Trmt61a,100757200
Rpl10,100758401
Incenp,100770889
Nhp2,100759402
Pi4ka,100756055
Pola2,100768307
Prim2,100772954
LOC113839111,113839111
Aars2,100754221
Rasa2,100765379
Trappc13,100761869
Sqle,100764834
Nop16,100751232
Psma3,100758978
Cpsf3,100758811
Lamtor2,100758275
Folr1|Nup98,100760516
Mtg1,100753782
Rpp25l,100771203
Cenatac,100759181
Slc16a10|Rpl17,100763788
Aifm1,100771367
Trrap,100763987
Gemin6,100756163
Acaca,100762904
Iscu,100773802
Uba2,100764381
Lsm4,100769464
Elp6,100764169
Hypk,100753787
Ciao2b,100760527
Supt16h,100750703
Kmt2a,100760424
Mepce,100754545
Tars2,100762707
Samm50,100769261
Anapc5,100766376
Srp68,100760316
Ercc2,100689272
Prim1,100762443
Ubtf,100689026
Cad,100689232
Urb2,100768105
Gemin7,100753426
Nop56,100771954
Spcs3,100753146
Aars1,100766178
Mto1,100754228
Mrpl37,100752974
Tsen2,100768441
Coasy,100757898
Psmc3,100689203
Dhodh,100756632
Mrpl38,100758580
Polr1c,100758205
LOC100757535,100757535
Psmc4,100766608
Pfn1,100753478
Ruvbl2,100770081
Dhx30,100763879
Rfc2,100770063
Mrpl12,100755729
Srsf7,100758380
Brf1,100753600
Rrm1,100761591
Sf3a2,100771292
Coq5,100750776
Srpra,100758562
Trmu,100759274
Mre11,100750877
Rrn3,100751564
LOC100766053,100766053
Foxred1,100758274
Exosc8,100769802
Slf1,100753941
Gins2,100758038
Gfm2__2,
LOC103159270,103159270
Sacm1l,100763030
Ogt,100768670
Dhx36,100771317
Sf3a3,100751561
Hnrnpl,100768344
Hyou1,100689308
Mrps30,100753404
Cdk7,100769780
Nup85,100770676
Snrpd3,100768269
Tubgcp3,100760005
Srp14,100761457
Ddx39b,100773161
Rpl32,100770845
Use1,100756228
Fam32a,100759796
Ppcdc,100766343
Mrps16,100762457
Hspd1,100689473
Polr1a,100767957
Rps24,100754112
Arih1,100755555
Ndufb10,100754681
Gnl2,100753926
Pdgfrb,100764374
Trappc1,100762000
Ndufa2,100754444
Pes1,100770230
Cnot1,100761778
Rps14,100689292
Lage3,100761505
Nsmce1,100763072
Chaf1b,100751472
Ngrn,100771747
Surf6,100771435
Smarca4,100756329
Rbm25,100770267
Sars1,100689195
Noc2l,100772415
Pold2,100762815
Aldoa,100771717
Uhrf1,100758459
Lars2,100758963
Sec61a1,100767375
Cog8,100759350
Atp6v1a,100768315
Dmac2,100774519
Cltc,100756644
Pelp1,100775022
Exoc1,100770306
C2H18orf21,100767460
Fastkd5|Ubox5,103163403
Rpl7l1,100769012
Mak16,100760844
Rad9a,100761098
Gtf2h3,100768069
Sc5d,100752960
Fdft1,100689192
Hsd17b7,100767580
Rack1,100767670
Ppm1f,100758939
Birc6,100689237
Hspa9,100689405
Hnrnpu,100767942
Polr1b,100769834
Psmd14,100764392
Dnaja3,100774313
Ints1,100764130
Atp5mf,103160361
Ss18l2,100771870
Supv3l1,100765993
Pex1,100763358
Rars2,100768428
Yars2,100751113
Dhdds,100767025
LOC100753562,100753562
Ak2,100756723
Aup1,100760920
Atp5f1a,100770431
LOC100762870|LOC100759689,100762870
Hsd17b10,100757689
Rtcb,100753929
Psmc1,100770051
Sf3b2,100764490
Timm44,100758774
Polr3a,100753811
Fars2,100761130
Rpf1,100767673
Actr6,100762739
Banp,100768192
Alg5,100769679
Nadk2,100773611
Fbxo5,100773759
Poln|Haus3,100770464
Wnk1,100755657
Atic,100750895
Xpo5,100755295
Cct3,100755267
Nars1,100764751
Gpn1,100757373
Mtg2,100754227
Wdr55,100755022
Rps15a,100751993
Set__2,
Ndufa13,100762893
Ndor1,100771833
Gtf3c3,100759578
Rpl18,100774500
Elac2,107977006
Rps5,103163645
Ercc3,100689367
Cstf1,100761066
Arcn1,100758971
Emg1,100759485
LOC100754679,100754679
LOC100768776,100768776
Pold1,100773935
Rpl13a,100773637
Psmg3,100763268
Vps51,100767235
Mars2,100771401
Ddx51,100773225
Eif2b4,100766948
Srebf2,100689017
Rrp9,100766875
Acad9,100770943
Polr2b,100755901
Gnb1,100689442
Wdhd1,100753715
Smc4,100766744
Ufd1,100773227
Senp3,100763163
Utp20,100772924
Ubl5,100764154
Wdr18,100753331
Anapc4,100767504
Haus4,100769299
Cct8,100761027
Bud31,100774223
LOC113830752,113830752
Rhoa,100762797
Rps26,100767971
Sars2,100769771
Uso1,100754738
Snrnp35,100772584
Fen1,100756103
Fbxw11,100772242
Haus7,100753533
Pgam1,100766080
Mrps18a,100753780
Smu1,100736555
Nid2__2,
Ecpas,100757449
Nip7,100759635
Ddx47,100751146
Ogdh,100764862
Psmb6,100769450
Eef1a1,100689276
Ppat,100760149
Tecr,100761652
CUNH12orf65,100770753
Spc24,100770237
Actl6a,100757342
Psmc2,100757596
Psma2,100750876
Tp53rk,100750384
Pum1,100765502
Top3a,100772501
Cul2,100767582
Pfdn2,100766028
Srsf1,100689086
Strap,100751262
Copa,100762124
Tbp,100751579
Cct5,100757108
Pes1__2,
Dhx33,100755235
Wdr33,100754160
Med11,100768888
Polr3c,100752999
Noc4l,100773506
Mrpl44,100765972
Psma4,100756711
Ddx11,100756953
Ppox,100767777
Ddx5,100768812
Gart,100689446
Ptpn11,100771077
Cdipt,100750801
Lars1,100764360
Ndufs7,100766693
Cpox,100772187
Atp6v1b2,100774665
Dync1h1,100771366
Adrm1,100754801
Psmb1,100751285
Hscb,100769569
Arpc4,100756023
Terf2,100762546
Polr3b,100759724
Toe1,100752093
Flad1,100774575
Wdr46,100750904
Cdc16,100759495
Cdc123,100753983
Rcc1l,100768632
Rpl27a,100750602
Trub2,100766452
Mrpl10,100754497
Slc25a3,100758020
Tomm22,100774120
Rpl18a,100772334
Hmgcs1,100762235
U2af2,100769215
Rad1,100756835
Rps12,100753860
Upf1,100765798
Psmd6,100751274
Mrps5,100773581
Ndufv2,100757242
Tufm,100766830
Cinp,100755743
LOC100759352,
Mcmbp,100754052
Exosc7,100763217
Haus6,100761416
Dhx9,100765632
Parg,100769150
Nol9,100768603
Polr3e,100764912
Ppwd1,100761004
Rpe,100756130
Tbcc,100772749
Nol11,100767464
Eif3d,100769541
Wee1,100753258
Dctn6,100754783
Mrpl45,100755070
Dnajc9,100762162
Pop5,100754888
Ndufc1,100766880
Iars1,100754316
Get3,100761936
Ptpmt1,100763640
Hcfc1,100774489
Lonp1,100771385
Slc39a8,100767442
Sec22b,100689313
Atxn7l3,100754412
Urod,100753284
Ran,100769066
Ruvbl1,100761458
Bub3,100767122
Riok1,100765917
Wdr43,100760947
Dhx15,100764898
Fntb,100752221
Eif2s3,100769010
Cops6,100774513
Nudc,100771417
Usp36,100768120
Hectd1,100762999
Trappc8,100750879
Eftud2,100757897
Alg11,100771009
Srbd1,100762977
Mrpl20,100771139
Mcm4,100770466
Lss,100753498
Eef1g,100753545
Wdr48,100752446
Guk1,100770439
Chmp6,100753694
CUNH1orf109,100753330
Cant1,100767250
Dhx38,100757501
Mrps35,103162619
Lto1,100758599
Farsa,100763673
Atpaf2,100754752
LOC100764102,100764102
Rps8,100755051
Bub1,100772514
Sin3a,100761538
Pik3ca,100689251
Wdr20,100772230
Rbbp6,100773570
Ttc1,100766507
Atp6v0b,100754687
Mtor,100755421
Atp5pb,100774535
Mrpl3,100768688
Mrps7,100756199
Ndufa9,100773563
Rad17,100773436
Ppil2,100760101
Ugp2,100689325
Rpp14,100769100
Rps4x,100689408
Nadk,100755696
N6amt1,100768580
Rprd1b,100759004
Timeless,100764475
Polr2a,100689016
Dimt1,100756397
Ptpa,100770682
Mtr,100763416
Pym1,100770070
Rnps1,100689458
Pfas,100760956
Cog5,100754837
Ybey,100752720
Kars1,100766627
Trpm7,100752689
Mettl16,100765063
Eif3i,100753319
Ints7,100750715
Ints3,100768339
Ddx54,100770376
Lsg1,100773753
Fbxw7,100761759
Cct4,100767849
Ppp1r7,100753495
Ddx3x,100764307
Cdt1,100689460
Dicer1,100689239
Rps27a,100765052
Tnpo3,100753994
Ndc80,100751668
Cog4,100752814
Pisd,100689093
Ciao1,100758531
Pcyt2,100756894
Psmd4,103161668
Pafah1b1,100764774
Mrps2,100757282
Mphosph10,100762733
Rpl34,100753386
Rcc1,100769945
Smc6,100757987
Supt5h,100761749
Mfap1,100753487
Dap3,100771966
Cenpo,100755730
Tomm70,100758190
Pwp1,100763407
Pikfyve,100758487
Ascc3,100762460
Emc6,103160389
Rabggtb,100762868
Polr1h,100753139
Tcerg1,100763776
Nfs1,100756727
Kin,100761113
Ykt6,100763402
Nop58,100764223
Utp23,100751711
Cmtr1,100755381
Taf7,100689466
Thoc2,100772483
Dhcr7,100771700
Shmt2,100754714
Mrpl21,100754354
Ccnh,100762144
Uba1,100769040
Pex2,100689047
Gars1,100751073
Lcmt1,100762400
Vhl,100751916
Urb1,100766838
Clp1,100755872
Mrpl35,100762335
Uba3,100756784
Lipt2,100756678
Pelo|Itga1,100750681
Mad2l1,100753081
Mcm6,100767151
Ints11,100769426
Dolk,100768385
Ndufs2,100768067
Nelfa,100769975
Cap1,100774682
Zrsr2,100769034
Get4,100769304
Khdc4,100764357
Wapl,100752368
Smc1a,100758263
Preb,100764138
Dcp2,100773631
LOC100773524|LOC100763630|LOC100759534,100773524
Homer3|Ddx49,100765219
Slc25a26,100769239
Prpf31,100765568
Gbf1,100689421
Tmx2,100755000
Slc35a2,100689031
Rpl7,100763698
Mrpl57,100759801
Cct2,100759253
Nelfb,100773760
Sfpq,100761355
Gemin5,100766595
Pak1ip1,100763693
Snrnp200,100758820
Vps53,100760896
Eif2b1,100770460
Mtrr,100773236
Atp13a3,100769908
Rad50,100755349
LOC100760261,100760261
Mbtps1,100689417
Dpagt1,100689054
Tsen34,100766729
Csnk1a1,100758298
Tuba1a|Tuba1c|Tuba1b,100682528
Ahcy,100750969
Gabpa,100756649
LOC103159924,103159924
Csnk2b,100763034
Ints4,100767027
Mpdu1,100689049
Smg5,100762914
B3gnt2,100766691
Eif4a3,100757133
Mcm3ap,100753019
Rae1,100759605
Cwc22,100768134
Mrps28,103161031
Flcn,100760396
Ndrg1,100758250
LOC100757863,100757863
Cope,100689412
LOC100766032,100766032
Rpusd4,100758848
Acly,100773325
Hbs1l,100750806
LOC100753603,100753603
Znf146|Tbcb,100770447
Slc39a14,100768099
Tfb2m,100765415
Nop14,100767594
Dohh,100771021
Polr2d,100755604
Fau,100689400
Fdps,100754883
Snrpd2,100757226
Cnot10,100770796
Hgs,100765681
Ppie,100773432
Hars2,100757923
Oip5,100763649
Prpf3,100762116
Mms19,100766371
Mios,100760592
Rpsa,100689045
Smc2,100759197
Sptlc1,100689326
Mrpl28,100754102
Pfdn6,100750607
Suds3,100758994
Kmt5a,100774411
Ccdc12,100766224
Ddx19b,100766470
Cdc23,100752608
Ak6|Taf9,100768838
Ticrr,100762467
Rpl14,100774219
Eprs1,100774338
Ptpn23,100764470
Polrmt,100762430
Fam50a,100759186
Nuf2,100767003
Nubp2,100752903
Ddx46,100763282
Taf6l,103159405
Tefm,100771926
Pgk1,100689467
Gclc,100752019
Cops5,100767044
Pik3c3,100765741
Polr3h,113830647
Nup88,100754367
Lsm10,100759318
Mms22l,100768068
LOC100751499,100751499
Fh,100773218
Mrpl23,100769317
Eif5a,100766364
Med28,100768639
Nup160,100765104
Znf207,118239910
LOC100773644,100773644
Exoc4,100750685
Nutf2,100753217
Cops3,100760692
Stn1,100757852
Pds5a,100764706
Cnot11,100760179
Polr3d,100767520
Fip1l1,100756086
Clspn,100768047
Eral1,100766924
Ndufv1,100757245
Junb,100756141
Gpn3,100764448
Mdn1,100773184
Ect2,100754674
Mrpl11,100761388
Bccip,100757180
Ncln,100761580
Cdca5,103159496
Tmem199,100758701
LOC100756805,100756805
Vps29,100751236
Pmpca,100761595
Ndufb6,100765445
Spata5l1,100773232
C1H12orf45,100771219
Gemin4,100761184
Exosc10,100754929
Ncapg2,100752041
Keap1,100759410
Vrk1,100761272
Rmi1,100763534
Copb2,100758514
Racgap1,100751180
Psmd12,100767177
Pkm,100751347
Cars1,100761418
Dbr1,100768520
Rpl37a,100754588
Mnat1,100770765
C5H1orf112,100764089
Vps26a,100766289
Orc1,100689425
Pola1,100758493
Gps1,100770684
Tbl3,100754975
Mrps18a__3,
Icmt,100765763
Qars1,100763536
Mtbp,100754090
Cdk6,100764515
Zw10,100750463
Med30,100751133
Tma16,100753215
Ebp,100765639
Rpl27,100769867
Psma7,100769350
Coq3,100763494
Vcp,103161970
Uros,100757472
Psmd8,100764857
LOC100771607,100771607
Nle1,100774821
Med21,100756366
LOC100756398,100756398
Sumo2,100689105
Exosc4|Oplah,100766618
Midn,100755088
Ncbp1,100770427
Cops8,100767812
Srrd,100773911
Wdr1__3,
Thap11,100753517
Ufc1,100767197
Spcs2,100755739
Dmap1,100756406
Atg9a,100774022
Thg1l,100763395
Mcm8,100772692
Ddb1,100764133
Snrnp25,100759758
Eif3m,100768213
Mmp23b,100774158
Mcm3,100774903
Ctcf,100763233
Heatr1,100763985
Wdr7,100762510
Ebna1bp2,100769390
LOC100773928|LOC100769603,100769603
Nol6,100760727
Myc,100773301
Ddx52,100771911
Ddx18,100759595
Nus1,100761477
Tm2d2,100774168
Rpl10a,100765562
Psmg4,100758919
LOC103159087,103159087
Cbfb,100765267
Hars1,100757635
Nxt1,100763994
Znf131,100762817
Wdr5,100768958
Slc33a1,100756415
Cct7,100770561
Xab2,100767687
Pex16,100750639
Tmem70,100762615
Cs,100750580
Exoc7,100754030
Puf60,100758296
Tango6,100754699
Prpf40a,100774137
Bop1,100763888
Elp2,100764459
Tmem60,100757990
Sgms1,100766719
Kif23,100682531
Vars2,100755870
Taf10,100760931
Dtymk,100755252
LOC113839136,113839136
Usp8,100753287
Ppp1r10,100765643
Impdh2,100689398
Kpnb1,100762896
Pgm3,100762575
U2af1,100766015
Adsl,100689060
Snrpc,100759153
Rabif,100753301
Tardbp,100769142
Ints5,100751877
Rpl5|Ephx2,100770250
Msmo1,100754784
Hmbs,100757819
Rpl4,100756048
Sdhaf2,100772110
Nfe2l1,100751832
Cdc7,100689341
Cse1l,100756434
Gpd1l,100773663
Far1,100761128
Nedd1,100757592
Gemin2,100755559
Med1,100758159
Cenpm,100762853
Txnl4b,100757210
Rpl31,100754887
Espl1,100768842
Timm22,100762051
Lyrm4,100764324
Dhx37,100751766
LOC100761624,100761624
Mrps24,100761173
Eif2s1,100761915
Mmachc,100751045
Eif2b5,100773826
Mrps11,100769823
Med7,100767208
Mrps34,100752305
Prpf4b,100759963
Ggps1,100767405
Wdr3,100772536
Rpa1,100772412
Emc3,100757477
Lsm6,100769852
Alg1,100773731
LOC107977672,107977672
Dctn1,100765083
Nom1,100752769
Alg8,100766150
Cpsf1,100761673
Exoc3,100756215
Kif14,100759691
Setd1a,100753962
Snap23,100757957
Iars2,100758227
Zc3h18,100767415
Ngdn,100764946
Ftsj3,100771677
Ddx20,100752364
Tiparp,100755246
Cdc73,100767294
Ggnbp2,100759034
Rpl3,100771906
Nvl,100759165
Mrps18a__2,
Tgs1,100755697
Polr2h,100769706
Mia3,100755615
LOC100772531,100772531
Rcl1,100761761
Cog6,100771724
Gspt1,100753280
Mat2a,100752327
Ssrp1,100758773
Rsl24d1,100767126
Pot1,100758846
Pprc1,100751874
Scamp4|Adat3,100758561
Arfrp1,100762329
LOC100773141,100773141
LOC100753568,100753568
LOC100750593,100750593
Get1__2,
Mrpl50,100755968
Rps15,100766987
Coq7,100762279
Dars2,100774650
Zzz3,100759098
Polr3f,100766844
Isy1,103161503
Paf1,100689047
Haus8,100754778
Psma6,100754440
Sec31a,100762780
Opa1,100751873
Haus1,100770145
LOC100772005,100772005
Pdhb,100774878
Nelfcd,100766768
Cul3,100760346
Polr1g,100755473
Pex26,100753828
Rbfa,100763391
Rbms1,100767838
Sae1,100767400
Bud23,100755551
Ddx56,100764269
Nolc1,100773818
Tpr,100753776
Casp8ap2,107980090
Thoc3,100751816
Slc39a10,100754926
Orc4,100689043
Mrto4,100750586
Sympk,100758374
Cenpl,100774360
Med22,100771147
Dnmt1,100762713
Wdr61,100755344
Rptor,100761529
Tamm41,100753536
Agps,100756809
Rbm39,100757502
Gale,113830648
Sf1,100760817
Ctdp1,100764255
Xpo1,100770879
Ufsp2,100769508
Atrip,100762140
Timmdc1,100757811
Ints2,100774909
Eefsec,100761746
Rbm15,100764622
Ash2l,100771359
Riok2,100758835
Spdl1,100765969
Sdhb,100771246
Rps10,100756654
Psmd2,100750425
LOC100771702,100771702
Acd,100763518
Eif3b,100762979
LOC113836680,113836680
Coq6,100751162
Dld,100689437
LOC100767241,100767241
Rpl19,100757685
Ten1,100759443
Ckap5,100755237
Sap130,100755025
Pop1,100754990
Wdr1__2,
Slc5a6,100765026
Mcl1,100764237
Rpl7a,100772298
Mrps26,100769748
Phf5a,100758913
Creb1,100761582
Zeb1__2,
Tkt,100774058
Smim26,100766264
Rnf111,100773181
Taf3,100760532
Coq2,100755903
Cdc45,100689362
Dut,100761578
Mrps15,100759894
Dad1,100767387
Cpsf4,100773929
Gtpbp3,100751349
Ube2m,100767306
Spry1,100754609
Rock2,100767265
Mthfd1,100763862
Tyms,100754276
Drosha,100766983
Lipt1,100763903
Eif2s2,100750388
Mrps14,100752801
Pyroxd1,100774005
LOC100768872,100768872
Ube2l3,100750565
Qrsl1,100767432
Nup133,100768681
Usp9x,100763346
LOC113830645,113830645
Alg2,100768412
LOC113837953|LOC113837005|LOC100767993|LOC100770373,113837953
Zwilch,100756333
Las1l,100774247
Rad51c,100689078
LOC100771351,100771351
Phb,100755273
Alas1,100766370
Mrpl2,100773905
Rps3,100758037
Etnk1,100765795
Ndufa10,100767451
Ankrd49,100750582
Htra2,100760629
Gnb1l,100773508
Rtn4ip1,100767145
Ddx23,100767790
Ppp4c,100771425
Yap1,100761993
Ino80b,100764793
Znf574,100757627
Rbbp7,107977000
Mrps33,100774673
Slf2,100756312
Nfyb,100765985
Eif3f,100769028
Rnf4,100770179
Tada1,100768714
Zbtb11,100758669
Srp9,103160754
Sptlc2,100689415
Ndufb2,100774095
Nhlrc2,100751107
Ikzf4,100768259
Tubgcp2,100771527
Mvd,100766541
Kri1,100771958
Etf1,100755265
Mrpl19,100766276
LOC100759002,100759002
Osbp,100760367
Esco2,100755867
Ndufc2,100766442
Srrm1,100757992
Zcchc8,100770227
Gnpat,100765024
Cirbp,100689075
Crnkl1,100771455
Wars2,100772881
LOC113832969|LOC100762118,100762118
Runx1,100758283
Tra2b,100756061
Ganab,100752162
Pole,100774671
Polr2e,100754513
Supt6h,100761229
Rpl23a|Trpv3,100761992
LOC100757378|LOC100757773,100757378
Kmt2d,100765465
Smg1,100752584
Mrps18b,100765352
Bysl,100765734
Nsmce4a,100774921
Mrpl14,100755662
Utp6,100761515
Snw1,100759596
Noc3l,100689254
LOC100766805,100766805
Wdr24,100772059
Mau2,100763469
Elp4,100766660
LOC100767596,100767596
Kdm8,100762777
Pcna,100689335
LOC100770213,100770213
Rps13,100689293
Nfya,100755500
Fam210a,100758002
Fzr1,100762149
Mrpl18,100760587
Rars1,100767723
Slc25a32,100689360
Drap1,100765946
Sde2,100752836
Pex6,100773621
Pnpt1,100766803
Sf3b3,100752512
Timm50,100773512
Ciao3,100772638
Hexim1,100760203
Mrpl13,100763748
Ddx10,100752733
Clns1a,100768284
Ncaph,100751228
Prpf4,100753511
Nol10,100762799
Scfd1,100763574
Isca2,100771623
LOC103164217|LOC113836537,113836537
Brd4,100771403
Wdr12,100765493
Nampt,100767492
Flii,100756205
Hjurp,100755715
Gtf2h4,103160241
Dcaf1,100768333
Chd4,100754178
Ptcd1,100752650
Gtf3c4,100773467
Mccc1|Cbx3,100689443
Polr1e,100751282
Elp3,100771722
Dbf4,100689339
Plrg1,100773980
Gemin8,100765564
Rps17,100689053
LOC100763541,100763541
Rps6__2,
Pkd1,100768622
Pgs1,100689449
Taf1c,100774138
Yju2,100755173
LOC100761791,100761791
Wdr75,100759292
Mlh1,100769879
Ccdc22,100757706
LOC113837369|LOC113837639,113837639
Hmgcr,100756363
Nop9,100769858
Vps52,100753256
Anapc2,100774636
Trappc5,100769309
Rps16,100773230
Rnmt,100757713
Vmp1,100756933
Ncapd2,100753087
Bms1,100770546
Nae1,103163014
Rint1,100763529
Pdss1,100772754
Nup107,100769827
Umps,100756786
Mcm10,100773567
Rps19bp1,100770022
Sec16a,100760133
Nkapd1,100774078
Aatf,100758164
Med6,100762349
Rad51,100689324
Szrd1,100774832
Tubg1,100759432
Rbm8a,100754959
Tsen54,100755913
Pex12,100751101
Mrps23,100761716
Psmb3,100756232
Med26,100755356
Kdsr,100774578
Naa20,100771745
Zc3h3,100756959
Tada2a,100767795
Dnajc17,100752047
Mrpl22,100766885
Wdr77,100774828
Wdr44,100764342
Naa50,100773295
Atp5f1b,100763024
Anln,100768074
Ctps1,100689101
Banf1,100765074
Slc11a2,100764508
Naa35,100772100
Pdss2,100768592
Tfip11,100774688
Polr2m,100771441
Ndufaf6,103162917
Tubgcp6,100753745
Mbtps2,100689085
Dennd4c,100754289
Hnrnpk,100762670
Cdc20,100767761
Eif3g,100763004
Naa25,100762204
Mipep,100762716
Utp25,100765405
Dnm1l,100750819
Rpp30,100764835
Rpn1,100762811
Cdc6,100689243
Anapc1,100770891
LOC100760824,100760824
Lias,100757956
Mthfd2,100770086
Magoh,100766467
Adat2,100759031
Prpsap1,100761764
Dctn4,100767865
Orc5,100689042
Abcf1,100765933
Tsr2,100756047
Imp4,100773345
Stip1,100689413
Mrpl47,100757628
Sec63,100775020
Slc25a1,100751442
Ears2,100765390
Rpl6,100761632
Rpf2,100770065
Sf3b4,100759502
Hus1,100754140
Dpy30,100763394
Gtf3c5,100770779
Nol12,100752251
Nob1,100761193
Pold3,100756090
Mrpl15,100755003
Gne,100689450
LOC100754792__2,
LOC100762189,100762189
Fam71f2,100750641
Nufip1,100768910
Rbm28,100774448
Mpv17,100766363
Abt1,100771876
Zeb2,100752455
Rpl24,100757231
Cebpz,100756756
Pdrg1,100754797
Med18,100770895
Prmt7,100759617
Mcm7,100770006
Nudcd3,100763685
Dlat,100773493
Cog1,100752570
Hspa8,100689472
Ints8,100757889
Pno1,100750394
Prpf38a,100755230
Eif3h,100751998
Tomm40,100752231
Rps6kb1,100757513
Ccnk,100769288
Rpl5,100770250
Ppil1,100753635
Lrr1,100752788
Gins4,100752225
Eif1ad,100765365
Lsm8,100756548
Dnajc2,100757311
LOC100773492,100773492
Psma1,100773907
Dbndd2__2,
Tmem41b,100768380
Mterf4,100771571
Smc3,100759387
Taf1,100751131
Usp7,100769056
Rrp1,100768977
Ddx27,100758755
Mrpl54,100763792
Tfb1m,100750446
LOC100770670,100770670
Ddost,100755259
Ago2,100760040
Nsun5,100761733
Wdr74,100754753
Lig3,100765011
Sod1,100765091
Kdm1a,100770721
Rps9,100767024
Usp5,100757368
Trappc11,100752972
Cstf3,100772127
Ppp1r15b,100766520
Rpl30,103162454
Trnt1,100762416
Mrpl16,100756893
Tomm20,100761619
Tex10,100775062
Smarcd1,100773634
Stk11,100765813
Znf236,100764693
Imp3,100760961
Cdc42,100765433
Dhx16,100756749
Odr4,100751804
Smc5,100758700
Diaph1,100752938
Vps28,100761380
Rnaseh2a,100762806
Fdx2,100761259
Skp1,100757677
LOC100765403,100765403
LOC100773172,100773172
Bud13,100773647
Ankle2,100750769
Cfl1,100760435
Ndufa11,100772543
Pars2,100751506
Haus5,100751456
Terf1,100689470
Cul5,100770463
Cherp,100755648
Atp1a1,100771378
Atp6v1c1,100773930
Ccdc57,100771842
Ints9,100752291
Osgep,100754538
Mrps6,100770304
Ncapd3,100752080
Mettl3,100774316
Aip,100759077
Ccs,100757246
Cog2,100767234
Flvcr1,100766724
Prpf19,100751402
Exosc5,100773940
Rpl13,100689376
Bptf,100772838
Vps54,100768421
Ddx21,100771185
Pex13,100689378
Ppp1r12a,100754718
Rab7a,100763105
Eipr1,100764491
Npm3,100751292
LOC100759692,100759692
Tti2,100760553
Lin52,100755280
Snapc2,100759063
Rpl11,100751864
Ndufb11,100689361
Cnbp,100689247
Vps35,100767603
Slc35b1,100756934
Topbp1,100761910
Rpa2,100764034
Palb2,100773675
Hspa13,100766580
Senp1,100754744
Mrpl51,100752785
Med17,100752831
Arid1a,100771997
LOC100774417,100774417
Ddx24,100764379
Vps54__2,
Chmp4b,100759419
Eif2b2,100759048
Ndufaf5,100770742
Orc3,100768718
Dars1,100767438
Mrpl17,100758899
Aamp,100775009
Znf638,100769635
Cpsf6,100773290
Acbd4,100759909
Gfm1,100757634
Msh5,100761092
Dnttip2,100774727
Cactin,100771890
Igbp1,100768558
Nasp,100761335
Rps20,100755991
Phax,100756807
Cog7,100754278
Atp6v0c,100772184
Ppp2cb,100757400
Psmd7,100761962
Ndufs1,100754223
Gtf3c2,100766655
Prelid1,100764743
Blm,100762862
Nsl1,100765846
Son,100769440
Ppp1cb,100761524
Bag6,100763893
Rpa3,100760299
Rtel1,100762036
Commd4,100762408
Ipo7,100752357
Mcm5,100756580
Lamtor3,100751917
Rce1,100758680
Mis18a,100766257
Nme6,100763307
Ess2,100751728
Immt,100762629
Srp19,100753807
Mrpl58,100757939
Rbm17,100764203
Pop7,100753663
Smg6,100767685
Mvk,100751653
LOC100770826,100770826
Ipo9,100756041
LOC100760422,100760422
Eif2s2|Ankrd55,100750388
Top2a,100689304
Cdk2,100689039
Marchf6,100759599
Letm1,100764264
Rpap1,100762111
LOC100766809,100766809
Pusl1,100769138
LOC100773835|LOC100773545,100773835
Eif5,100756911
Gtf2e2,100754209
Rangap1,100761972
Vps13d,100755898
Exoc5,100769231
Pfkfb3,100762756
Lin9,100774401
Eif4g1,100770567
Rab6a,100761500
Pfdn5,100768547
Mcrs1,100761535
Park7,100759195
Atp1b3,100765669
Dgcr8,118239887
Ltn1,100760736
Dkc1,100755395
Stx12,100773207
Btg1,100755272
Cenpe,100771167
Uri1,100753065
Mtrf1l,100770110
Sdha,100750732
Pus1,100769856
Rnf40,100750431
Rpap2,100763199
Mrpl41,100753662
Eif4g2,100758677
Elf2,100762906
Poc1a,100765128
Ctc1,100752986
Cul1,100757763
Traip,100759129
Thoc1,100770844
Farsb,100760139
Glrx3,100754656
Mfn2,100763273
Mtrex,100768244
Mpi,100764596
Med16,100763586
Pgp,100770052
Ube2k,100764110
Nat10,100773484
Aasdhppt,100754811
Mrps18c,100769266
Tmed2,100689307
Dnajc11,100760814
Gnl3,100762471
Lbr,100770668
Rnf20,100754600
Paics,100758991
LOC100760000|LOC103163371,100760000
Alyref,100756310
Tfdp1,100774706
Psmb5,100769586
Wdr59,100771324
LOC100771675|LOC100764952,100764952
Rps18,100752957
Mrps12,100760106
Pex19,100689302
Xrn2,100770311
Lyrm2,100772894
Pirt,100767819
Ccdc93,100760176
Bcas2,100758667
Fnta,100752295
Snrpa1,100771086
Taf1d,100753646
Mtif2,100765344
Washc3,100771573
Sf3b6,100760669
LOC100754077,100754077
Sbno1,100774701
LOC100771319,100771319
Nr2c2|Mrps25,100766644
Nmd3,100759050
Qki,100750964
Zbtb7a,100773908
Zbtb2,100767625
Snrnp40,100761430
Rft1,100774638
Elob,100772696
LOC100767106,100767106
Gins3,100760912
Eif3e,100771190
Anp32b,100767552
Idi1,100752366
Noa1,100756189
Ciapin1,100760880
Wbp11,100754779
Efl1,100763625
Atp6v1e1,100755187
Tmem126b,100760417
Tsg101,100752541
Tars1,100773026
Grb2,100769627
Strada,100774473
Fam20c,100771796
Atp6v0d1,100762360
Ppp1r8,100772916
Pan2,100765354
Cenpk,100760714
Dhps,100755665
Nfu1,100772473
Jagn1,100756602
Nup54,100770480
Srsf3,100753039
Cdk4,100760122
Pdcd11,100753073
Eif2b3,100753584
Gtf2a1,100750765
Smarcb1,100769126
Dnm2,100771373
Donson,100769724
Tdp2,100764160
Mtx3,100762251
LOC100760484,100760484
Pam16,107977060
Prkar1a,100773792
Fancm,100768967
Naa15,100763666
Cenpi,100771572
Rps3a,100762337
Xrn1,100760243
Pdha1,100774853
Rela,100763542
Mnt,100766817
LOC100753866,100753866
Snrpd1,100764953
Map3k14,100766459
Supt7l,100757081
Bzw2,100759248
Cenpp,100758284
Sgo1,100771769
Dcps,100761162
Pnkp,100767996
Rpl9,100758533
Med10,100759421
CUNH1orf131,100765311
Rad21,100750544
Lsm11,100763675
Kansl3,100770226
Cd2ap,100770360
Plk1,100760676
LOC100763175,100763175
Tlk2,100771294
Atp2a2,100751820
Srp72,100760440
Katnb1,100763993
Ice1,100758843
Setdb1,100765697
Utp4,100757324
Hacd2,100765668
Commd5,100753405
Dhfr,100689028
Heatr3,100756422
Fignl1,100758940
LOC100762735,100762735
Smg7,100760981
Eny2,100768337
Nars2,100771333
Rpia,100765051
LOC100769662,100769662
Tjap1,100754717
Med4,100761008
Tm9sf2,100766991
LOC100756085,100756085
Nfyc,100753923
Brf2,100769943
Kat2a,100774478
Mrpl52,100764474
Gps2,100766072
Zbtb17,100754046
Chordc1,100768748
Aacs,100750893
Trmt6,100772979
Pc,100758970
Cep57,100762024
Psmb2,100767174
Taf12,100769367
Pgd,100765199
Trmt10c,100756944
Gpkow,100759434
Exosc3,100753640
Cdk1,100766716
Nubp1,100767724
Utp18,100761065
Tada3|Ogg1,100755727
Skiv2l,100768851
Rnaseh1,100689390
Tmem69,100774937
Slc38a2,100689188
Chek1,100751099
Mrpl4,100762122
LOC100755487,100755487
Men1,100757636
Rfc3,100768752
LOC100767706,100767706
Anxa6,100759027
Uxs1,100763471
Ttc4,100751794
Znhit3,100760096
Rbm19,100750733
Dcaf13,100751757
Taf8,100766320
Ino80,100762469
Polr2f,100754156
Amt,100763091
Dtl,100750427
Tti1,100758713
Slc7a6os,100760110
Dnajb12,100759717
Ddx6,100759836
Mecr,100767445
Pcf11,100753347
Smim1,100773764
Nrf1,100755053
Stx18,100772503
Gtf2f2,100768332
Gmps,100756126
Lmnb1,103161362
LOC103162633,103162633
Ep400,100770341
Ranbp3,100771967
Mrpl39,100758085
Ppia,100769490
Ythdf2,100763174
Scaf4,100765380
Mis18bp1,100768675
Yipf4,100765339
Ndufa6,100750797
Cert1,100689038
Tmc8,100774079
Trim37,100754889
Ndufaf1,100762410
Scnm1,100769370
Gnl3l,100755751
Tbc1d20,100759085
LOC100759534|LOC100773524|LOC100763630|LOC113832459,100773524
Map3k3,100753508
Nup42,100763799
Copz1,100769319
Tpx2,100689332
Ddrgk1,100689201
Erh,100758434
Dmxl1,100773136
Mtss2,100758555
Zc3h10,100752630
Paip1,100764567
Elp5,100761708
LOC113837005|LOC100767993,113837005
Mtmr9,100754953
Vars1,100769994
Rpp40,100760840
Rbm42,100751164
Folr1|Numa1,100762458
Vps11,100758112
Ttll12,100769125
Sin3b,100757579
Nfkb2,100774604
Pabpn1,100771019
Epn2,100774824
Ncapg,100767775
Eif3k,100766600
Tpt1,100770904
Sephs2,100770125
Top1,100689046
Serhl2|Rrp7a,100773822
Plekhn1,100772995
Ccne1,100753358
Slc26a6,100760402
Grpel1,100768386
Birc5,118237651
Irf5,100753482
Usp16,100769154
Ccnb1,100770842
Oser1,100771514
Zmat2,100755600
Zc3h4,100767693
Tmx1,100760960
Nr2c2ap,100756914
Syvn1,100765313
Dnajc6,100756272
Dync1li1,100768032
Abce1,100773014
Cenpn,100765070
Prpf8,107976990
Vps16,100770326
Atr,100766256
Eaf1,100754458
Rab10,100757662
Trit1,100773722
Sik2,100754772
Zc3h13,100753716
Cmas,100773134
LOC100771066,100771066
Taf6,100775090
Ssb,100689103
Ankrd13d,100762256
LOC100754771,100754771
Adss2,100767083
Lrrc75a,100761414
Srfbp1,100773240
Rbbp5,100754011
Slu7,100765338
Snrpb,100751537
LOC100773089|LOC118237656,118237656
Znf335,100770994
Actr10,100759261
Ap5z1,100760656
Hdgf,100761454
Hsd17b4,103161104
Senp6,100765457
Spop,100756346
Brix1,100757120
Ndufb8,100752642
Gramd4,100763433
Nol8,100757996
LOC100759549,100759549
Polr3a__2,
Gtpbp4,100753267
Psmc6,100762558
Rab1a,100752891
Usp37,100772571
Pmvk,100759992
Kctd10,100752520
Gmeb1,100769076
Rfc5,100753174
Bap1,100765297
Orc6,100766154
Ankrd17,100768373
Sec23b,100765486
Fstl3,103160351
CUNH9orf40,100764740
LOC100751452,100751452
Ccdc115,100773635
Rpl23,100756818
LOC118237656,118237656
Ndufb7,100754222
Wars1,100767856
Saraf,100758545
Polr2g,100754072
Dnajc13,100763365
Cenph,100771123
Slc9b2,100765773
Kdm2a,100763039
Emc7,100773137
Pigq,100769477
Ctnnbl1,100764320
Rfc4,100763988
Gbgt1,100771256
Mterf3,100761498
Shq1,100753163
Vezt,100758457
Rab1b,100763898
Ythdc1,100764889
Eif3l,100753359
Morc4,100762949
Slc3a2,100689315
Cept1,100773070
Ecd,100761389
Taf4,100769929
LOC103161710,103161710
Rps6ka5,100753249
Zwint,100771183
Sec14l1,100770988
Prelid3b,100689354
E2f3,100754647
Shroom4,100755869
LOC113833389,113833389
Dnaaf2,100753981
Washc4,100772083
Spc25,100761897
Tada2b,100768678
Taf1a,100773180
Nup58,100763296
Cops4,100755032
Idh3g,100751753
Tspan31,100759828
Cables2,100765141
Hnrnpf,100771400
Myo1g,100766313
LOC103158723,103158723
Rbm22,100767581
Arid4b,100752333
Wdr92,100774000
Ubap1,100769433
Ccnd1,100689063
Ube2q1,100750390
Pggt1b,100759155
Dnaaf5,100771212
Becn1,100762045
Prdx2,100689349
LOC107977585|LOC113837470,107977585
Xrcc2,100750706
Slc25a27,100758598
Tert,100774541
Tm2d3,100771956
Sap18,100760388
Arl14ep,100765495
Osm,100758591
Rpl36al,100753090
LOC100753355,100753355
Pomp,100756796
Prr5l,100753398
Stt3a,100751391
Orc2,100689333
Galk1,100757135
Pnn,100758240
Alad,100752314
Tns1,100758067
Tnrc6a,100758607
Mrps9,100761439
Aqr,100766095
Ankrd11,100764009
Gtf3c1,100763706
Slc66a2,100761560
Tcea2,100768573
Adnp2,100760580
Ric1,100760041
Mlst8,100757018
Pom121c,100762026
LOC100755143,100755143
Edc4,100752917
Clasrp,103164071
Iba57,100763588
Metap2,100755552
Moap1,100766130
Dock6,100769954
Actr1a,100750704
Sdhc,100689402
Eif3a,100752118
Mrps31,100773319
Gtf3c6,100770634
Sec23ip,100753157
Rdh5,100772460
Hnrnpc,100751290
Rfc1,100689407
Pik3r4,100769548
Mea1,100770359
Slc20a1,100689025
Tmem164,100759923
Tmem39b,100760474
Uspl1,100754469
Prdm10,100756394
Tsr1,100767392
Vps35l,100774713
Afg3l2,100763687
LOC100771222,100771222
Agap1__2,
Rpl28,100774114
Ppp1ca,100760810
Tprkb,100767700
Slc10a1,100756998
Mrpl46,100770403
Fus,100756868
Luc7l3,100767266
Faf2,100767643
Lamtor4,100750902
Poc1a__2,
Rbbp4,100757871
Polr1d,100757843
Ipo13,100754981
Cep192,100756846
Ubqln2,100765357
Znf830,100764718
Itgb4,100756849
Ndufaf7,100756458
Rbm10,100752703
Prkrip1,100766978
Slbp,100765822
Fbxo42,100751392
Coq4,100766160
Actr3,100759010
Actb,100689477
U2surp,100767131
Pglyrp2,100754520
Glmn,100762721
Tnpo1,100760105
Pdcl3,100755176
Chaf1a,100756533
Tbc1d19,100765477
Stt3b,100752084
Med31,100759823
Txnrd1,100771594
Lamtor1|Folr1,100750343
Cpsf2,100753441
Sfswap,100755786
Cfap298,100756882
Abcb7,100766714
Rfk,100767410
Trappc2l,100753676
Alg9,100755062
Rplp2,100753445
Anapc15|Folr1,100774442
Osbpl2,100754515
Cnot8,100770253
Gabpb1,100753587
Taf5l,100768389
Mtx2,100757389
Lsm12,100761943
Rpn2,103158732
Tubgcp4,100768027
Btbd7,100765835
Ddx42,100771386
Rpl15,100767738
Nup153,100761805
Aurkaip1,100770569
Aptx,100774231
Snf8,100753514
Mtf1,100752132
Ecsit,100753611
Gnpnat1,100761974
Csnk2a2,100763424
Hdlbp,100772142
Wdr25,100768146
Ets2,100774407
Gtf2b,100754725
Ddx31,100773757
Nifk,100756413
Hdac1,100752721
Ctdsp2,100765556
Psma5,100774039
Pdcd10,100759439
Tbc1d25,100765348
Rrp15,100750619
Usp32,100763480
Ttc37,100759126
Mrps10,100767194
Cdk12,100758448
Pcmtd2,100765664
Glyctk,100766079
Gatb,100751606
Ybx1,100769813
Ndufb5,100757916
LOC113838339,113838339
Tbca,100760678
Cir1,100771162
Hic1,100767977
Znf524,113837245
Zcchc9,100752466
Nop2,100753876
Pabpc1,100757538
Ubr4,100764402
LOC100770893,100770893
Pkmyt1,100771831
Poll,100751096
Arl1,100751351
LOC118237659,118237659
Mgat1,100682529
Rbm33,100773692
Srek1,100774662
Mogs,100689098
Ppme1,100753403
Brap,100763856
Znf329,103158601
Sgk1,100771433
Tbcd,100753552
Cep55,100752217
Txn2,100771270
Emc2,100769760
Eef1e1,100689310
LOC100752010,100752010
Map3k15,100751831
Stx4,100754836
Prkca,100766006
Suv39h1,100764568
Ep300,100762260
Pla2g15,100760699
P3h4,100772453
Rpl38,100761990
Cenpc,100761015
LOC100772499,100772499
Hnrnpr,100767855
Capzb,100755876
Scyl1,100770964
Tinf2,100770148
Denr,100765761
LOC100752553,100752553
Fam122a,100762589
LOC100768321,100768321
Akirin2,100769005
Smarcc1,100768250
Ngly1,100770329
Rev3l,100774890
Nbn,100750782
Znf598,100768049
Osbpl9,100751414
Creb3l3,100774488
Phf12,100767411
Cep85,100768859
Znf281,100767251
Znf407,100760917
Rbpms,100758259
Nudt21,100755858
Trappc3,100758455
Med15,100754109
Fam219b,100766049
B4galnt4,100758404
Vma21,100772090
Tfam,100773498
Tbc1d8,100756640
Kat8,100756283
Cdv3,100767533
Ccdc47,100751560
Cnot3,100765854
Washc5,103158844
Cd68,100762586
Akap1,100760847
Rad23b,100763817
Znhit1,100768706
Cchcr1,100754418
Prdm16,100762301
Mindy2,100757261
Nfatc2ip,100764196
Cct6a,100754913
Plp1,100766346
LOC107979446|LOC100757491,107979446
Exosc9,100759081
Ubp1,100766280
Arl2,100760039
Sf3a1,100754437
Slc30a1,100751596
Dph1,100765648
Wdr70,100772849
Nop53,100763895
Lrrc56,100774031
Sprtn,100764217
Perm1,100773289
Tmem147,100751744
Rnf216,100758416
Rnaseh2b,100751948
